Workbook

Sheet Executive Summary
A1: Metric | B1: Value
A2: Total Development Effort (Days) | B2: =Requirement Estimation!J202
A3: Total Adjusted Effort (Days) | B3: =Requirement Estimation!L202
A4: Total QA Effort (Days) | B4: =Requirement Estimation!I202
A5: Total DevOps Effort (Days) | B5: =Requirement Estimation!H202
A6: Total Project Effort (Days) | B6: =Resource Planning!H102
A7: Total Cost | B7: =B9/20
A8: Projected Duration (Months) | B8: =Risk Register!D102
A9: Contingency Buffer (Days) | B9: =B3 + 'Architecture & NFR'!D200 + B8
A10: Grand Total Effort (Days)

Sheet Requirement Estimation
A1: Module | B1: User Story | C1: Priority | D1: Complexity | E1: Backend Days | F1: Frontend Days | G1: DB Days | H1: DevOps Days | I1: QA Days | J1: Base Dev Total | K1: Risk % | L1: Adjusted Dev Total
J2: =SUM(E2:H2) | L2: =J2*(1+K2)
J3: =SUM(E3:H3) | L3: =J3*(1+K3)
J4: =SUM(E4:H4) | L4: =J4*(1+K4)
J5: =SUM(E5:H5) | L5: =J5*(1+K5)
J6: =SUM(E6:H6) | L6: =J6*(1+K6)
J7: =SUM(E7:H7) | L7: =J7*(1+K7)
J8: =SUM(E8:H8) | L8: =J8*(1+K8)
J9: =SUM(E9:H9) | L9: =J9*(1+K9)
J10: =SUM(E10:H10) | L10: =J10*(1+K10)
J11: =SUM(E11:H11) | L11: =J11*(1+K11)
J12: =SUM(E12:H12) | L12: =J12*(1+K12)
J13: =SUM(E13:H13) | L13: =J13*(1+K13)
... J201: =SUM(E201:H201) | L201: =J201*(1+K201)
E202: =SUM(E2:E201) | F202: =SUM(F2:F201) | G202: =SUM(G2:G201) | H202: =SUM(H2:H201) | I202: =SUM(I2:I201) | J202: =SUM(J2:J201) | L202: =SUM(L2:L201)

Sheet Architecture & NFR
A1: Category | B1: Description | C1: Impact (L/M/H) | D1: Additional Days | E1: Tools / Services | F1: Remarks
C200: TOTAL | D200: =SUM(D2:D199)

Sheet Resource Planning
A1: Role | B1: Name | C1: Allocation % | D1: Start Month | E1: End Month | F1: Person Months | G1: Billing Rate (Per Month) | H1: Total Cost
F2: =(E2-D2+1)*C2 | H2: =F2*G2
F3: =(E3-D3+1)*C3 | H3: =F3*G3
F4: =(E4-D4+1)*C4 | H4: =F4*G4
F5: =(E5-D5+1)*C5 | H5: =F5*G5
F6: =(E6-D6+1)*C6 | H6: =F6*G6
F7: =(E7-D7+1)*C7 | H7: =F7*G7
F8: =(E8-D8+1)*C8 | H8: =F8*G8
F9: =(E9-D9+1)*C9 | H9: =F9*G9
F10: =(E10-D10+1)*C10 | H10: =F10*G10
F11: =(E11-D11+1)*C11 | H11: =F11*G11
F12: =(E12-D12+1)*C12 | H12: =F12*G12
F13: =(E13-D13+1)*C13 | H13: =F13*G13
... F101: =(E101-D101+1)*C101 | H101: =F101*G101
G102: TOTAL | H102: =SUM(H2:H101)

Sheet Risk Register
A1: Risk Description | B1: Probability (0-1) | C1: Impact (Days) | D1: Risk Exposure (Days) | E1: Mitigation Strategy
D2: =B2*C2
D3: =B3*C3
D4: =B4*C4
D5: =B5*C5
D6: =B6*C6
D7: =B7*C7
D8: =B8*C8
D9: =B9*C9
D10: =B10*C10
D11: =B11*C11
D12: =B12*C12
D13: =B13*C13
... D101: =B101*C101
C102: TOTAL BUFFER | D102: =SUM(D2:D101)
